Review,Rating
"El hotel es excelente, las habitaciones están muy limpias y el personal es muy amable. La ubicación es perfecta y el desayuno delicioso.",5
"Terrible experiencia. Las habitaciones estaban sucias, el personal fue grosero y el wifi no funcionaba. No lo recomiendo para nada.",1
"El hotel está bien, nada espectacular pero cumple con lo básico. La habitación era cómoda aunque un poco pequeña.",3
"Increíble estancia! El servicio fue excepcional, las instalaciones de primera calidad y la vista al mar espectacular. Definitivamente volveré.",5
"El hotel es bastante malo. Las habitaciones huelen mal, el aire acondicionado no funciona y el personal es poco profesional.",2
"Muy buen hotel para el precio. Las habitaciones son cómodas, el personal amable y la ubicación conveniente. Recomendado.",4
"Pésima experiencia. El check-in tardó 2 horas, la habitación tenía cucarachas y el restaurante estaba cerrado. Horrible.",1
"Hotel decente con buena relación calidad-precio. Las instalaciones están bien mantenidas y el personal es servicial.",4
"No me gustó nada. Las camas son incómodas, hay mucho ruido por la noche y el baño estaba en mal estado.",2
"Excelente hotel de lujo. Todas las comodidades que puedas imaginar, servicio impecable y ubicación privilegiada.",5
"El hotel está en una zona regular, las habitaciones son normales pero el precio es justo. No está mal para una noche.",3
"Fantástico hotel boutique. Decoración elegante, atención personalizada y amenidades de alta calidad. Muy recomendable.",5
"Hotel promedio, nada especial. La habitación estaba limpia pero el servicio fue lento y poco atento.",3
"Maravillosa experiencia de vacaciones. El hotel superó todas mis expectativas con su servicio excepcional y instalaciones modernas.",5
"No vale la pena el precio. Las habitaciones son pequeñas, el desayuno es básico y el personal poco amigable.",2
"Buen hotel para viaje de negocios. Wifi rápido, habitaciones funcionales y ubicación céntrica. Cumple su propósito.",4
"Horrible estadía. Problemas con la plomería, habitaciones con humedad y personal que no resuelve nada. No vuelvo más.",1
"Hotel familiar muy acogedor. Excelente atención al cliente, instalaciones limpias y precios razonables. Perfecto para niños.",4
"Experiencia regular. El hotel cumple lo básico pero sin destacar en nada especial. Aceptable para el precio pagado.",3
"Absolutamente perfecto! Desde el momento del check-in hasta la salida, todo fue impecable. El mejor hotel en el que me he hospedado.",5
